first_name,last_name,email,team
Alex,Kim,alex.kim@example.edu,Team A
Blair,Lee,blair.lee@example.edu,Team A
Casey,Patel,casey.patel@example.edu,Team A
Jordan,Ramirez,jordan.ramirez@example.edu,Team B
Morgan,Williams,morgan.williams@example.edu,Team B
Taylor,Nguyen,taylor.nguyen@example.edu,Team B
